Franchise,Films,Mean [$],Total [$]
... Has Fallen,2,183390044.0,366780087.0
00 Schneider Filmreihe,1,0.0,0.0
08/15,1,0.0,0.0
100 Girls,2,0.0,0.0
101 Dalmatians (Animated),2,107940007.0,215880014.0
101 Dalmatians (Live-Action),2,252150532.0,504301065.0
12 Rounds,3,5760109.0,17280326.0
1920,2,0.0,0.0
2 Days In...,2,10714976.0,21429951.0
2001 Maniacs,1,0.0,0.0
20th Century Boys,3,10414953.0,31244858.0
28 Days/Weeks Later,2,73479162.0,146958325.0
3 Men (Original),1,2052466.0,2052466.0
3 Men,2,0.0,0.0
3 Ninjas,4,0.0,0.0
30 Days of Night,2,37752986.0,75505973.0
300,2,380095235.0,760190470.0
48 Hrs.,2,116193741.0,232387482.0
8MM,2,48309350.0,96618699.0
976-EVIL,2,1477958.0,2955917.0
9½ Weeks,2,3367961.0,6735922.0
A Better Tomorrow,3,1489820.0,4469460.0
A Chinese Ghost Story,3,0.0,0.0
A Christmas Story,2,9647072.0,19294144.0
A Few Best Men,2,14565656.0,29131311.0
A Golden Christmas,3,0.0,0.0
A Goofy Movie,2,17674298.0,35348597.0
A Haunted House,2,30070842.0,60141683.0
A Man Called Horse,2,0.0,0.0
A Nightmare on Elm Street,8,45448945.0,363591558.0
ABCD,1,222000.0,222000.0
AVP,2,106490464.0,212980929.0
Aashiqui,1,16000000.0,16000000.0
Ace Ventura,3,106534310.0,319602929.0
Aces Go Places,1,0.0,0.0
Action Pack Bandit Films,1,0.0,0.0
Ada Apa Dengan Cinta?,1,0.0,0.0
Addams Family,3,80140490.0,240421469.0
Adventures of Mowgli,2,0.0,0.0
Adventures of a ...,1,0.0,0.0
Afro Samurai,2,0.0,0.0
Agent Cody Banks,2,43807404.0,87614809.0
Air Bud,5,6673723.0,33368615.0
Airplane,2,55302036.0,110604073.0
Airport,4,47626210.0,190504839.0
Aki Kaurismäki's Finland trilogy,3,538339.0,1615018.0
Aladdin,3,168016740.0,504050219.0
Alan Davies,1,0.0,0.0
Alex Cross,3,65353222.0,196059666.0
Alice in Wonderland,2,662430597.0,1324861194.0
Alien,4,152505450.0,610021801.0
Alien Nation,6,5359174.0,32155047.0
Alienation Trilogy,3,0.0,0.0
All Dogs Go to Heaven,3,11906902.0,35720705.0
All Hallow's Eve,1,0.0,0.0
All Stars Collectie,2,0.0,0.0
All for ...,1,0.0,0.0
"All inclusive, или все включено (Коллекция)",2,0.0,0.0
All of My Heart,1,0.0,0.0
Allan Quatermain (1950 series),1,0.0,0.0
Allan Quatermain,2,119114.0,238227.0
Alligator,2,0.0,0.0
Almighty,2,328786418.0,657572835.0
Alone in the Dark,2,5221404.0,10442808.0
Alpha and Omega,3,13100000.0,39300000.0
Alvin and the Chipmunks,4,345239406.0,1380957626.0
Always: Sunset on Third Street,1,33053559.0,33053559.0
American Addict,1,0.0,0.0
American Graffiti,2,77507337.0,155014674.0
American Ninja,5,2099939.0,10499694.0
American Pie (Spin-off),4,0.0,0.0
American Pie,4,247368846.0,989475386.0
American Psycho,2,17133282.0,34266564.0
An American Girl,10,0.0,0.0
Anaconda,4,51969666.0,207878665.0
Analyze,2,115944396.0,231888793.0
Anatomy,1,0.0,0.0
Anche gli angeli - Collezione,2,0.0,0.0
Anchorman,3,88074401.0,264223203.0
Anders Matthesen,3,0.0,0.0
Angelique,1,0.0,0.0
Anglo-Zulu War,2,4000000.0,8000000.0
Animation Runner Kuromi (OAV collection),2,0.0,0.0
Aniskin,1,0.0,0.0
Anja & Viktor,1,0.0,0.0
Annabelle,1,255273813.0,255273813.0
Anne of Green Gables,3,0.0,0.0
Annie,2,28529502.0,57059003.0
Annika Bengtzon,3,0.0,0.0
Another Gay Movie,2,372664.0,745327.0
Ant-Man,1,519311965.0,519311965.0
Antboy,2,0.0,0.0
Ants in the Pants,2,0.0,0.0
Apocalypse,1,0.0,0.0
Appleseed,3,487330.0,1461989.0
Arabian Nights,1,0.0,0.0
Argo,1,0.0,0.0
Armitage III,1,0.0,0.0
Armour of God,3,0.0,0.0
Arn collection,2,0.0,0.0
Art of the Devil,1,0.0,0.0
Arthur,2,55071437.0,110142874.0
Arthur and the Invisibles,3,35981412.0,107944236.0
Assassination Classroom,1,0.0,0.0
Asterix and Obelix (Animation),9,0.0,0.0
Asterix and Obelix,4,61417903.0,245671613.0
Atlantis,2,93026862.0,186053725.0
Atlas Shrugged,4,1368520.0,5474079.0
Ator,4,0.0,0.0
Attack on Titan,2,0.0,0.0
Aurélie Laflamme,1,0.0,0.0
Austin Powers,3,225093169.0,675279506.0
Avatar,2,1393982544.0,2787965087.0
Azumi,2,0.0,0.0
Babe,2,161633385.0,323266770.0
Baby Burlesks,2,0.0,0.0
Babylon 5,7,0.0,0.0
Babysitting,2,0.0,0.0
Bachelor Party,2,19217974.0,38435947.0
Back to the Future,3,319212448.0,957637345.0
Bad Ass,3,0.0,0.0
Bad Boys,3,138248860.0,414746580.0
Bad Kids,2,0.0,0.0
Bad Santa,2,47135534.0,94271067.0
Bahubali,2,165000000.0,330000000.0
Balto,3,3782775.0,11348324.0
Bambi,2,133723575.0,267447150.0
Bananas!*,2,0.0,0.0
Bang Rajan,1,0.0,0.0
Barbarian Queen,2,0.0,0.0
Barbershop,3,65294035.0,195882105.0
Barbie A Mermaid Tale,2,15965372.0,31930745.0
Barbie Fairytopia,3,0.0,0.0
Barbie Mariposa,2,0.0,0.0
Barefoot Gen,2,0.0,0.0
Barney,1,0.0,0.0
Barrytown Trilogy,3,0.0,0.0
Basic Instinct,2,195778351.0,391556702.0
Basket Case,3,0.0,0.0
Batman (DC Universe Animated),3,1872464.0,5617391.0
Batman Beyond,2,0.0,0.0
Batman,4,316521298.0,1266085190.0
Batman Unlimited,3,0.0,0.0
Batman: The Dark Knight Returns,2,0.0,0.0
Bats,1,10.0,10.0
Battle Royale,2,12500000.0,25000000.0
Battlestar Galactica (Reboot),2,0.0,0.0
Beach Party,6,0.0,0.0
Beastmaster,2,7462926.0,14925853.0
Beauty and the Beast,2,188675276.0,377350553.0
Beck - Historien om ett brott,1,0.0,0.0
Beck,5,0.0,0.0
Beethoven,7,37922445.0,265457115.0
Before...,3,10901496.0,32704489.0
Begotten,1,0.0,0.0
Behind Enemy Lines,4,22938300.0,91753202.0
Belle et Sébastien,2,0.0,0.0
Benvenuti al...,2,50292340.0,100584679.0
Berserk: Golden Age Arc,3,0.0,0.0
Best Exotic Marigold Hotel,2,111407211.0,222814422.0
Best of the Best,2,3250000.0,6500000.0
Beverly Hills Chihuahua,3,53760535.0,161281606.0
Beverly Hills Cop,3,245178168.0,735534503.0
Bhoothnath,2,0.0,0.0
Big Man,2,0.0,0.0
Big Momma's House,3,131944638.0,395833914.0
Bikini Summer,3,0.0,0.0
Bill & Ted's Most Excellent,2,20242520.0,40485039.0
Billa,2,0.0,0.0
Billy Jack,4,9000000.0,36000000.0
Bionicle,4,0.0,0.0
Birdemic,2,0.0,0.0
Black & White,1,0.0,0.0
Black Emanuelle,7,0.0,0.0
Black Magic,1,0.0,0.0
Black Scorpion,3,0.0,0.0
Blacula,2,0.0,0.0
Blade,3,138366309.0,415098928.0
Blade Runner,1,33139618.0,33139618.0
Blair Witch,3,97724331.0,293172994.0
Bleach (Collection),2,0.0,0.0
Blondie,5,0.0,0.0
Blood Island (Hammer series),1,0.0,0.0
BloodRayne,3,801807.0,2405420.0
Bloodfight,1,0.0,0.0
Bloodfist,1,0.0,0.0
Bloodsport,4,3122618.0,12490470.0
Blue Collar Comedy Tour,2,302428.0,604856.0
Blue Crush,2,25921340.0,51842679.0
Bon Cop Bad Cop,2,6335650.0,12671300.0
Born Free Trilogy,2,0.0,0.0
Born To Race,2,0.0,0.0
Borsalino,2,2.0,3.0
Boston Blackie Series,1,0.0,0.0
Boys Love,2,0.0,0.0
Brancaleone,2,657115.0,1314230.0
Break Blade,6,0.0,0.0
Breakin',2,0.0,0.0
Brice,2,0.0,0.0
Bridget Jones,3,178028412.0,534085235.0
Bring It On,5,18089986.0,90449929.0
Brooklyn Cigar Store,2,4812215.0,9624430.0
Brother Bear,2,0.0,0.0
Brother,2,0.0,0.0
Bulldog Drummond (Richard Johnson),2,0.0,0.0
Bullit & Riper,2,0.0,0.0
Bummer,2,800000.0,1600000.0
Burnout,2,0.0,0.0
Burnt by the Sun Trilogy,2,1308252.0,2616503.0
C.H.U.D.,2,1706248.0,3412497.0
Caballeros,2,0.0,0.0
Cabin By The Lake,1,0.0,0.0
Caddyshack,2,19923172.0,39846344.0
Calcutta Trilogy,2,0.0,0.0
Camp Rock,2,0.0,0.0
Caméra Café,1,0.0,0.0
Candyman,3,13244231.0,39732693.0
Cannonball Run,3,34445004.0,103335013.0
Caprinos Eventyrlige Verden,1,0.0,0.0
Caprona,4,0.0,0.0
Captain America 1979 Classic,2,0.0,0.0
Captain America,3,746213614.0,2238640841.0
Captain Harlock,2,8568651.0,17137302.0
Cardcaptor Sakura,2,0.0,0.0
Care Bears,3,869333.0,2608000.0
Carmina - Colección,2,0.0,0.0
Carnosaur,3,584660.0,1753979.0
Carrie,2,25781352.0,51562705.0
Cars,3,457335201.0,1372005602.0
Casper,4,71982048.0,287928194.0
Cat People,2,2000000.0,4000000.0
Cat Run,2,0.0,0.0
Cat Stevens y Hutch Bessy Trilogy,3,0.0,0.0
Cats & Dogs,2,102929458.0,205858915.0
Center Stage,3,5733642.0,17200925.0
Cetto La Qualunque - Collezione,2,4463800.0,8927600.0
Chaar Sahibzaade,1,0.0,0.0
Charlie Chan (Roland Winters),3,0.0,0.0
Charlie Chan (Sidney Toler),21,0.0,0.0
Charlie Chan (Warner Oland),15,0.0,0.0
Charlie's Angels,2,261640666.0,523281333.0
Charlotte's Web,2,0.0,0.0
Che,2,0.0,0.0
Cheaper by the Dozen,2,159696972.0,319393943.0
Cheech & Chong,7,17134780.0,119943461.0
Child's Play,6,29337006.0,176022038.0
Children of the Corn,9,2331221.0,20980986.0
Chili Palmer,2,105163869.0,210327738.0
China O'Brien,1,0.0,0.0
Chinese Boxer,1,0.0,0.0
Cinderella,3,87863805.0,263591415.0
Cinderella Story,4,17516977.0,70067909.0
Circuitry Man,2,0.0,0.0
Cirque du Soleil,1,34153101.0,34153101.0
City Slickers,2,89516896.0,179033791.0
Clash of the Titans,2,266856570.0,533713139.0
Class of 1999,3,819965.0,2459895.0
Classmates,1,0.0,0.0
Cleopatra Jones,1,0.0,0.0
Clerks,2,15019753.0,30039506.0
Clint Eastwood's Iwo Jima,2,67286738.0,134573477.0
Cloudy with a Chance of Meatballs,2,245686544.0,491373087.0
Cocaine Cowboys,3,54333.0,163000.0
Cocoon,2,55169022.0,110338043.0
Cold Prey,3,0.0,0.0
Cold War,1,0.0,0.0
Conan the Barbarian,3,62020906.0,186062718.0
Confessions,4,0.0,0.0
Constantine,1,230884728.0,230884728.0
Contracted,2,0.0,0.0
Corto Maltese,4,0.0,0.0
Count Yorga,2,0.0,0.0
Cowgirls n' Angels,2,60340.0,120680.0
Crank,2,38745809.0,77491618.0
Creature From The Black Lagoon (Universal Series),3,433333.0,1300000.0
Creepshow,3,11676252.0,35028755.0
Critters,4,4245131.0,16980525.0
Crocodile Dundee,3,202416130.0,607248390.0
Cross,1,0.0,0.0
Cross of Iron,2,0.0,0.0
"Crouching Tiger, Hidden Dragon",2,106762868.0,213525736.0
Crows,3,0.0,0.0
Cruel Intentions,3,25300736.0,75902208.0
Cube,3,167273.0,501818.0
Curious George,3,23278272.0,69834815.0
CyberTracker,1,0.0,0.0
Cyborg 009,1,0.0,0.0
Cyborg,3,3388820.0,10166459.0
Cyborg Cop Trilogy,2,0.0,0.0
DC Super Hero Girls,2,0.0,0.0
DMB,1,0.0,0.0
Dabangg,2,0.0,0.0
Daddy Day Camp,2,91315632.0,182631265.0
Daddy's Home,1,242786137.0,242786137.0
Daffy Duck Movie,2,0.0,0.0
Dark Planet,2,13854358.0,27708716.0
Dark Rising,1,0.0,0.0
Dark Woods,2,0.0,0.0
Dark World,2,1059436.0,2118871.0
Darkman,3,16292834.0,48878502.0
Darko,2,2685261.0,5370522.0
Das Sams,2,0.0,0.0
Davy Crockett,2,0.0,0.0
Dead Rising,2,0.0,0.0
Dead Snow,2,1011068.0,2022135.0
Dead Space,2,0.0,0.0
Dead in Tombstone,1,0.0,0.0
Dead or Alive,3,0.0,0.0
Deadly Prey,1,0.0,0.0
Deadpool,1,783112979.0,783112979.0
Death Note,3,36244933.0,108734800.0
Death Note Relight,1,0.0,0.0
Death Race,3,24587505.0,73762516.0
Death Race Original,2,4000000.0,8000000.0
Death Wish,5,17129513.0,85647565.0
Deathstalker,4,2222671.0,8890685.0
Decoys,2,0.0,0.0
Demetrius Filmreihe,2,18000000.0,36000000.0
Demonic Toys,3,0.0,0.0
Demons,2,0.0,0.0
Dennis the Menace,2,58635382.0,117270765.0
Department Q series,3,1966667.0,5900000.0
Der Bockerer,1,0.0,0.0
Descendants,2,0.0,0.0
Design Trilogy,3,0.0,0.0
Despicable Me,6,615178369.0,3691070216.0
Destricted,1,0.0,0.0
Detective,2,0.0,0.0
Detective Conan,2,0.0,0.0
Detective Dee,2,62005534.0,124011068.0
Detective K,2,0.0,0.0
Detonator,1,0.0,0.0
Deuce Bigalow,2,43967610.0,87935221.0
Devasuram,1,0.0,0.0
Dexter Riley,3,0.0,0.0
Dhamaal,2,0.0,0.0
Dhoom Series,3,49798809.0,149396427.0
Diary of a Wimpy Kid,4,66337553.0,265350212.0
Dick Tracy 1940s,2,0.0,0.0
Die Fritz Lang Indien-Edition,2,0.0,0.0
Die Hard,5,287017272.0,1435086362.0
Die Kirche bleibt im Dorf,1,0.0,0.0
Die Nibelungen,2,0.0,0.0
Die Nibelungen Filmreihe,1,0.0,0.0
Digimon,1,0.0,0.0
Dirty Dancing,2,120819645.0,241639290.0
Dirty Harry,5,37924539.0,189622693.0
Disney Buddies,7,0.0,0.0
Disneys Große Pause,1,44460850.0,44460850.0
District 13,2,9185253.0,18370506.0
Divergent,4,190808241.0,763232964.0
Dixie Zombi - Colección,1,0.0,0.0
Django - Original films,2,8638.0,17277.0
Dolemite,2,0.0,0.0
Dolphin Tale,2,73914465.0,147828930.0
Don Camillo,3,0.0,0.0
Don,2,0.0,0.0
Don't Go Breaking My Heart,1,0.0,0.0
Doraemon,1,83061158.0,83061158.0
Dorm Daze,2,131970.0,263941.0
Dr Goldfoot,2,0.0,0.0
Dr. Dolittle,5,94112190.0,470560949.0
Dr. Mabuse,1,0.0,0.0
Dr. Phibes,2,0.0,0.0
Dr. Who,2,0.0,0.0
Dracula (Hammer Series),9,101046.0,909413.0
Dracula (Universal Series),4,253047.0,1012189.0
Dracula 2000,3,11000112.0,33000337.0
Dragon Ball,4,0.0,0.0
Dragon Ball Z (Movie),15,7474746.0,112121192.0
Dragon Ball Z OVA,5,0.0,0.0
Dragon Nest,1,0.0,0.0
DragonHeart,4,28816844.0,115267375.0
Dream a Little Dream,2,0.0,0.0
Dreileben,1,0.0,0.0
Drunken Master,3,0.0,0.0
Ducobu,1,0.0,0.0
Dumb and Dumber,3,152126633.0,456379899.0
Dungeons & Dragons,3,5061747.0,15185241.0
Düğün Dernek,1,0.0,0.0
East Side Kids,1,0.0,0.0
East is East,2,16033500.0,32067000.0
Easy Money,3,0.0,0.0
Eating Out Series,4,0.0,0.0
Eberhofer Krimi,1,0.0,0.0
Eccezzziunale... veramentes,1,0.0,0.0
Eddie and the Cruisers,2,2393394.0,4786789.0
Eden of the East,2,0.0,0.0
El pico - Colección,2,1132261.0,2264522.0
Election,2,0.0,0.0
Elektra Luxx,2,9054.0,18107.0
Elements Trilogy,3,3817631.0,11452892.0
Elite Squad,2,31513840.0,63027681.0
Elizabeth,2,78194102.0,156388205.0
Elling,2,0.0,0.0
Elvira,1,5596267.0,5596267.0
Emil i Lönneberga,2,0.0,0.0
Emmanuelle 2000s (USA),1,0.0,0.0
Emmanuelle,6,0.0,0.0
Encounters of the Spooky Kind,1,731753.0,731753.0
Enter the Ninja,3,4389342.0,13168027.0
Epoch,2,0.0,0.0
Erkan & Stefan Filmreihe,2,2254052.0,4508104.0
Ernest,9,5745721.0,51711491.0
Erotic Ghost Story,1,0.0,0.0
Escape From ...,2,46261032.0,92522065.0
Europa Trilogy,3,0.0,0.0
Evangelion,2,10000000.0,20000000.0
Evil Bong,2,0.0,0.0
Evil Dead,3,11774348.0,35323044.0
Ex,1,0.0,0.0
Extralarge,1,0.0,0.0
Eye of the Dolphin,2,35952.0,71904.0
Eyyvah Eyvah,1,0.0,0.0
"F*ck You, Goethe",2,41513962.0,83027924.0
F.C. De Kampioenen Collectie,1,7471304.0,7471304.0
F/X,2,10301858.0,20603715.0
Faces of Death,6,0.0,0.0
Fallen,1,0.0,0.0
Family Guy Presents,2,0.0,0.0
Fanny Brice,2,26111653.0,52223306.0
Fantasia,2,87097285.0,174194570.0
Fantastic Beasts,1,809342332.0,809342332.0
Fantastic Four,2,309813741.0,619627482.0
Fanthagirò,1,0.0,0.0
Fantomas,3,0.0,0.0
Fantozzi,10,0.0,0.0
Fantômas Serial,5,0.0,0.0
Fast Getaway,1,0.0,0.0
"Fat, Sick & Nearly Dead",2,0.0,0.0
Fatal Fury,1,0.0,0.0
Father Flanagan,1,0.0,0.0
Father and Guns,1,0.0,0.0
Father of Four,1,0.0,0.0
Father of the Bride,2,82952346.0,165904691.0
Fear,1,0.0,0.0
Fearless Hyena,2,0.0,0.0
Feast,3,219524.0,658573.0
Feluda,2,0.0,0.0
FernGully,2,16355447.0,32710894.0
Fievel,4,31327011.0,125308043.0
Fifty Shades,2,474916811.0,949833622.0
Fight Back to School,1,0.0,0.0
Fimfárum (kolekce),2,0.0,0.0
Final Destination,5,121100532.0,605502659.0
Final Fantasy,4,21350452.0,85401810.0
Finding Nemo,2,984453212.0,1968906425.0
Firestarter,2,8540084.0,17080167.0
Fist of the North Star: The Legends of the True Savior,5,172.0,862.0
Flatfoot,4,0.0,0.0
Flatland,1,0.0,0.0
Flesh Gordon,1,0.0,0.0
Fletch,2,47381924.0,94763848.0
Flodder,3,0.0,0.0
Flower & Snake,1,0.0,0.0
Flower Shop Mystery,1,0.0,0.0
Flower and Snake,1,0.0,0.0
Flowers in the Attic,3,0.0,0.0
Flubber,2,0.0,0.0
Flying Guillotine,2,0.0,0.0
Fontaine Khaled,1,0.0,0.0
Footsoldier,1,0.0,0.0
Force,1,0.0,0.0
Fortress,2,3369570.0,6739141.0
Frankenstein (Hammer Series),6,0.0,0.0
Frankenstein (Universal Series),5,2400000.0,12000000.0
Freche Mädchen Filmreihe,1,0.0,0.0
Fred,1,0.0,0.0
Free Willy,3,51232875.0,153698625.0
Freeway,2,0.0,0.0
French Connection,2,26821600.0,53643201.0
French Fried Vacation,3,0.0,0.0
Friday,3,40523360.0,121570081.0
Friday the 13th,12,38741545.0,464898544.0
Fright Night (Reboot),2,12461118.0,24922237.0
Fright Night,2,13953010.0,27906021.0
Fritz the Cat,2,0.0,0.0
From Dusk Till Dawn,3,8612205.0,25836616.0
Frosty the Snowman,2,0.0,0.0
Frozen,2,637109504.0,1274219009.0
Fu Manchu,4,0.0,0.0
Fubar,2,0.0,0.0
Fuga de cerebros -,2,0.0,0.0
Fullmetal Alchemist,2,3700740.0,7401480.0
Futurama,4,0.0,0.0
G.I. Joe (Live-Action),2,337172648.0,674345295.0
Galaxy Express 999,1,0.0,0.0
Gamera Films,8,0.0,0.0
Gamma One,2,0.0,0.0
Gangs of Wasseypur,1,4100000.0,4100000.0
Gantz,2,0.0,0.0
Garage Sale Mystery,1,0.0,0.0
Garfield (Animation),3,0.0,0.0
Garfield,2,171253399.0,342506798.0
Garfield Holiday Celebrations,2,0.0,0.0
Gasland,2,0.0,0.0
Gator,2,0.0,0.0
George Carlin Comedy,13,0.0,0.0
George of the Jungle,2,0.0,0.0
Get Smart,2,0.0,0.0
Ghost Rider,2,188977874.0,377955748.0
Ghost in the Shell,3,4025788.0,12077365.0
Ghost in the Shell: Arise,6,16867.0,101203.0
Ghost in the Shell: Stand Alone Complex,2,0.0,0.0
Ghostbusters,3,246584905.0,739754714.0
Ghoulies,4,8750000.0,35000000.0
Ginger Snaps,3,0.0,0.0
Girl's on Top,2,0.0,0.0
Glass Tiger collection,1,0.0,0.0
Goal!,3,9203624.0,27610873.0
God of Gamblers,1,4762337.0,4762337.0
God's Not Dead,2,26648284.0,53296567.0
Godzilla (Heisei),7,585714.0,4100000.0
Godzilla (Millennium),6,1672898.0,10037390.0
Godzilla (Showa),16,0.0,0.0
Golgo 13,1,0.0,0.0
Golmaal,3,0.0,0.0
Gone in 60 Seconds Trilogy,1,0.0,0.0
Gonin collection,1,0.0,0.0
Goon,2,3241982.0,6483963.0
Goopy Bagha Trilogy,1,0.0,0.0
Gor,2,0.0,0.0
Gourmet Detective,3,0.0,0.0
Grave Encounters,2,0.0,0.0
Grease,2,98492623.0,196985246.0
Green Street Hooligans,3,1051449.0,3154346.0
Grey Gardens,2,0.0,0.0
Grindhouse,2,12518948.0,25037897.0
Grown Ups,2,259207234.0,518414467.0
Grumpy Old Men,2,0.0,0.0
Guardians of the Galaxy,2,818372385.0,1636744770.0
Guinea Pig,2,0.0,0.0
Gumball 3000,1,0.0,0.0
Gunbuster,1,0.0,0.0
Gwendolyn Shepherd,2,0.0,0.0
Göta kanal collection,1,0.0,0.0
Hababam Sınıfı,4,0.0,0.0
Hailey Dean Mystery,1,0.0,0.0
Half Past Dead,2,0.0,0.0
Halloween (Rob Zombie Series),2,59837688.0,119675375.0
Halloween,8,30896007.0,247168056.0
Halloweentown,4,0.0,0.0
Hamilton,4,785691.0,3142763.0
Hanzo the Razor,3,0.0,0.0
Happily N'Ever After,2,19042889.0,38085778.0
Happy Feet,2,267371037.0,534742074.0
"Hard Revenge, Milly",2,0.0,0.0
Hard Target,2,37094838.0,74189677.0
Hard Time,1,0.0,0.0
Hardbodies,2,0.0,0.0
Harold & Kumar,3,34272414.0,102817243.0
Harry Palmer,4,0.0,0.0
Harry Potter,8,963420928.0,7707367425.0
Hatchet,3,17535.0,52604.0
Hate Story,3,0.0,0.0
Havoc,2,0.0,0.0
Hayride,1,0.0,0.0
He Who Dares,1,0.0,0.0
Heart of Gold,3,14614137.0,43842412.0
"Heaven, Hell and Purgatory",2,0.0,0.0
Heavy Metal,2,0.0,0.0
Heidi (Praesens-Film) Filmreihe,1,0.0,0.0
Hellboy (Animated),3,0.0,0.0
Hellboy,2,129853525.0,259707050.0
Hellraiser,10,5586472.0,55864723.0
Henry Fool,3,444929.0,1334786.0
Henry: Portrait of a Serial Killer,2,0.0,0.0
Hentai Kamen,1,0.0,0.0
Hera Pheri,2,0.0,0.0
Herbie,6,11000334.0,66002004.0
Hercules (Lou Ferrigno),2,5338097.0,10676194.0
Hercules TV Movies,5,0.0,0.0
Herr Lehmann Filmreihe,2,0.0,0.0
Hidden,2,0.0,0.0
High School Musical,3,2333333.0,7000000.0
Highlander,5,14819990.0,74099948.0
Hitman,2,90966602.0,181933203.0
Hollow Man,2,95106728.0,190213455.0
Home Alone,5,182951774.0,914758871.0
Homeward Bound,2,16354712.0,32709423.0
Honey,3,20882254.0,62646763.0
"Honey, I Shrunk the Kids",3,93795541.0,281386624.0
Hoodwinked!,2,32287808.0,64575616.0
Hooked,2,2999382.0,5998765.0
Hopalong Cassidy films,1,0.0,0.0
Hornblower,2,0.0,0.0
Horrible Bosses,2,112335178.0,224670357.0
Horror High,1,0.0,0.0
Hostel,3,38732818.0,116198455.0
Hot Shots!,2,157424494.0,314848989.0
Hot Tub Time Machine,2,38443456.0,76886913.0
Hot Wheels: AcceleRacers -,1,0.0,0.0
Hotel Transylvania,2,415801280.0,831602561.0
House,4,2384724.0,9538897.0
House Party,4,6596500.0,26386000.0
House of 1000 Corpses,2,8414772.0,16829545.0
House of Angels,1,0.0,0.0
House of the Dead,2,6909090.0,13818181.0
House on Haunted Hill,2,20423041.0,40846082.0
Housefull,3,0.0,0.0
How I Unleashed World War II,1,0.0,0.0
How to Train Your Dragon,2,552000904.0,1104001807.0
I Am Curious,2,0.0,0.0
I Know What You Did Last Summer,3,55196082.0,165588246.0
I Love a Mystery movie series,1,0.0,0.0
I Spit on Your Grave (Original),1,0.0,0.0
I Spit on Your Grave,3,191206.0,573618.0
I due carabinieri Collecion,1,0.0,0.0
I pompieri - Collezione,1,0.0,0.0
I soliti idioti,1,0.0,0.0
Ice Age,5,643341711.0,3216708553.0
If I Were You,2,0.0,0.0
If These Walls Could Talk,2,0.0,0.0
If You Are the One (Collection),1,0.0,0.0
Il Maresciallo Giraldi,10,0.0,0.0
Il medico della mutua,1,0.0,0.0
Il tassinaro,1,0.0,0.0
"Ilsa, She Wolf of the SS",4,0.0,0.0
Immaturi,1,0.0,0.0
"Impy, the small dinosaur",2,0.0,0.0
In China They Eat Dogs,2,0.0,0.0
In the Line of Duty,1,0.0,0.0
In the Name of the King,3,0.0,0.0
In the Vineyard,1,0.0,0.0
Independence Day,3,402217068.0,1206651203.0
Indiana Jones,4,495933452.0,1983733810.0
Infernal Affairs,3,2902977.0,8708932.0
Inner Sanctum mysteries,5,0.0,0.0
Inoshika Ocho series,2,0.0,0.0
Insidious,3,67104334.0,201313001.0
Inspector Gadget,2,0.0,0.0
Into the Blue,2,22217220.0,44434439.0
Inuyasha,1,0.0,0.0
Ip Man,3,71577784.0,214733351.0
Iron Eagle,4,0.0,0.0
Iron Man,3,808182516.0,2424547547.0
Iron Sky,2,4067516.0,8135031.0
Ironclad,2,0.0,0.0
Isi/Disi,1,0.0,0.0
It's Alive,3,0.0,0.0
Ivan Brovkin,1,0.0,0.0
Ivan The Terrible,2,0.0,0.0
Ivan Tsarevich & the Grey Wolf,3,9241333.0,27724000.0
Jack Frost,2,0.0,0.0
Jack Reacher,2,190243336.0,380486671.0
Jackass,7,58016690.0,406116832.0
James Bond,26,273345009.0,7106970239.0
Jarhead,3,32296666.0,96889998.0
Jeepers Creepers,2,61160228.0,122320455.0
Jesse Stone,9,0.0,0.0
Jingle All the Way,2,64916194.0,129832389.0
Joe Dirt,2,15493848.0,30987695.0
Johan Falk,3,0.0,0.0
Johan Falk GSI,12,0.0,0.0
John Pinette,2,0.0,0.0
John Wick,2,130150774.0,260301548.0
Johnny English,2,160330802.0,320661604.0
Johnny Tsunami,2,0.0,0.0
Joséphine - Saga,1,0.0,0.0
Journey,2,228697410.0,457394820.0
Journey to the West,1,0.0,0.0
Joy Ride,3,12214279.0,36642838.0
Ju-on,7,0.0,0.0
Jump Street,2,195013471.0,390026942.0
Jungle Jim,3,0.0,0.0
Jungledyret Hugo,3,0.0,0.0
Jurassic Park,4,757871036.0,3031484143.0
Justice League (Animated),4,1288831.0,5155325.0
Justice League,1,0.0,0.0
Jönsson Gang,8,0.0,0.0
K-9,3,26082549.0,78247647.0
K3 Collectie,1,0.0,0.0
Karas The,1,0.0,0.0
Karlson,2,0.0,0.0
Kathleen Madigan,1,0.0,0.0
Kati,1,0.0,0.0
Keinohrhasen Filmreihe,2,65011724.0,130023447.0
Kenji Misumi's Trilogy of the Sword,1,0.0,0.0
Kenny Rogers Legend Of The Gambler,2,0.0,0.0
Kevin Smith: Silent Bob Speaks!,6,0.0,0.0
Kick-Ass,2,78444452.0,156888903.0
Kickboxer,6,2657953.0,15947717.0
Kidulthood,2,82500.0,165000.0
Kiler,2,0.0,0.0
Kill Bill,2,166554230.0,333108461.0
Kill Buljo,1,0.0,0.0
Killer Crocodile,1,0.0,0.0
Killer Tomatoes!,4,0.0,0.0
Killjoy,3,0.0,0.0
Kim Possible,1,0.0,0.0
Kindergarten Cop,2,100978844.0,201957688.0
King Kong (1933 series),2,5000000.0,10000000.0
King Kong (1976 series),2,47662832.0,95325665.0
King of the Zombies,2,0.0,0.0
Kingsman,1,414351546.0,414351546.0
Kirikou,2,0.0,0.0
Kizumonogatari,3,0.0,0.0
Klassefesten (Samling),2,0.0,0.0
Kleines Arschloch,1,0.0,0.0
Klovn,2,0.0,0.0
Knerten,1,0.0,0.0
Kocan Kadar Konuş Serisi,1,0.0,0.0
Koker Trilogy,3,0.0,0.0
Kokowääh Filmreihe,2,21500000.0,43000000.0
Kolpaçino Serisi,1,0.0,0.0
Korengal Valley Documentaries,2,711455.0,1422910.0
Krrish,3,0.0,0.0
Krummerne (Samling),1,0.0,0.0
Kung Fu Mahjong,1,0.0,0.0
Kung Fu Panda,3,606202555.0,1818607666.0
Kusswechsel Filmreihe,2,0.0,0.0
Kvartet I,6,6568198.0,39409191.0
L'allenatore nel pallone - Collezione,2,5371884.0,10743767.0
LEGO DC Comics Super Heroes,5,0.0,0.0
La Classe Américaine & Cie,2,0.0,0.0
La Tour Infernale,1,0.0,0.0
La Trilogie Marseillaise,3,0.0,0.0
La cage aux folles,2,13687192.0,27374384.0
La trilogie de la mort – Nacho Cerda,2,0.0,0.0
Lady Snowblood,1,0.0,0.0
Lady and the Tramp,2,46800000.0,93600000.0
Laid to Rest,2,0.0,0.0
Lake Placid,5,11374083.0,56870414.0
Lammbock,1,0.0,0.0
Lamù,1,0.0,0.0
Largo Winch,2,0.0,0.0
LasseMaja: Samling,1,0.0,0.0
Lassie (Kinofilme),6,0.0,0.0
Lauras Stern,1,0.0,0.0
Lavalantula,2,0.0,0.0
Le Cœur des Hommes,2,0.0,0.0
Le Gendarme de St. Tropez,6,0.0,0.0
Lee Rock,1,0.0,0.0
Left Behind,3,0.0,0.0
Legally Blonde,3,88896507.0,266689521.0
Legend of the Galactic Heroes,3,0.0,0.0
Legends of the Poisonous Seductress,1,0.0,0.0
Lemmy Caution,1,0.0,0.0
Lemon Popsicle,1,0.0,0.0
Leningrad Cowboys,2,0.0,0.0
Leprechaun (Original Series),6,1802927.0,10817562.0
Les Boys,1,0.0,0.0
Les Charlots - Saga,1,0.0,0.0
Les Mystères de l'ouest (Collection),2,0.0,0.0
Les Profs,1,0.0,0.0
Les Ripoux - Trilogie,3,0.0,0.0
Les Tuche,2,0.0,0.0
Lethal Weapon,4,238809311.0,955237243.0
Letters to Santa,1,0.0,0.0
Lew Harper,2,6000000.0,12000000.0
Lezioni di Cioccolato,1,0.0,0.0
Library Wars,2,0.0,0.0
Like Mike,2,0.0,0.0
Lilla Jönsonligan,2,0.0,0.0
Lilo & Stitch,4,36442882.0,145771527.0
Little Bear,1,0.0,0.0
Little Forest,2,0.0,0.0
Little Nicholas,2,0.0,0.0
Little Witch Academia,2,0.0,0.0
Living Dead,6,28522577.0,171135460.0
Living Trilogy,3,0.0,0.0
Lone Wolf and Cub,6,0.0,0.0
Lone Wolf film series,3,0.0,0.0
Lonesome Dove,4,0.0,0.0
Long Arm of the Law,1,0.0,0.0
Look Who's Talking,3,98666667.0,296000000.0
Loose Change,2,0.0,0.0
Los Leguineche - Colección,1,1622164.0,1622164.0
Lost Boys,3,10740856.0,32222567.0
Lotta,2,0.0,0.0
Love Hina,2,0.0,0.0
Love in a...,2,0.0,0.0
Love in the City,3,6436850.0,19310550.0
Lovey-Dovey,3,5950237.0,17850711.0
Lucky Luke (Animation),2,0.0,0.0
Lucky Luke (Terence Hill),1,0.0,0.0
Lucky Stars,3,0.0,0.0
Lupin the Third,6,0.0,0.0
M.D. Geist,2,0.0,0.0
MVP,2,0.0,0.0
Ma and Pa Kettle,2,0.0,0.0
MacGyver (TV Movies),2,0.0,0.0
Machete,2,23168030.0,46336060.0
Macon County,1,0.0,0.0
Macross Frontier,1,0.0,0.0
Macskafogó gyűjtemény,1,0.0,0.0
Mad Max,4,134922348.0,539689391.0
Madagascar,4,564263598.0,2257054393.0
Madeline,1,0.0,0.0
Madicken,2,0.0,0.0
Magic Kid,1,0.0,0.0
Magic Mike,2,144867314.0,289734628.0
Maigret (Rowan Atkinson),3,0.0,0.0
Major Korenev Trilogy,3,1722113.0,5166340.0
Major League,3,27998591.0,83995773.0
Mall Cop,2,145445186.0,290890373.0
Mamma Mia!,1,609841637.0,609841637.0
Man of Marble/Iron,2,0.0,0.0
Man of Steel,2,768052856.0,1536105712.0
Mandıra Filozofu Serisi,1,0.0,0.0
Maniac Cop,3,0.0,0.0
Mann Filmreihe,1,0.0,0.0
Mannequin,2,23236811.0,46473622.0
Manuale d'amore - Collezione,2,0.0,0.0
Mardock Scramble,2,0.0,0.0
"Maria, ihm schmeckt's nicht!",1,0.0,0.0
Mark,3,0.0,0.0
Marley & Me,2,122041188.0,244082376.0
Martial Law,1,0.0,0.0
"Martin Scorsese’s World Cinema Project, Vol. 1",6,0.0,0.0
Masti,2,23500000.0,47000000.0
Max (Collection),1,43967255.0,43967255.0
McDull,1,0.0,0.0
McHale's Navy,2,2264922.0,4529843.0
Mean Girls,2,64521436.0,129042871.0
Meatballs,4,0.0,0.0
Mechanic,2,88400221.0,176800442.0
Meet the Parents,3,385912523.0,1157737569.0
Mega Shark,3,0.0,0.0
Megazone 23,2,0.0,0.0
Memories,1,0.0,0.0
Men In Black,3,551745373.0,1655236118.0
Men in the City,2,0.0,0.0
Meu Passado me Condena,1,0.0,0.0
Mexico Trilogy,3,41877316.0,125631947.0
Mi Nismo Anđeli,1,0.0,0.0
Mickey's Upon a Christmas,2,0.0,0.0
Midnight Diner,1,0.0,0.0
Mikogami Trilogy / Wanderer Jôkichi,1,0.0,0.0
Miles Jupp Standup,1,0.0,0.0
Mimic,3,8493497.0,25480490.0
Minions: 3 Mini-Movie,1,0.0,0.0
Mirrors,2,36218220.0,72436439.0
Miss Congeniality,2,106000000.0,212000000.0
Missing in Action,3,13253920.0,39761759.0
Mission: Impossible,5,555795599.0,2778977995.0
Mister Blot,2,0.0,0.0
Mister Roberts,1,0.0,0.0
Mobile Suit Gundam,2,0.0,0.0
Mods,1,0.0,0.0
Mommies,2,5833044.0,11666088.0
Mondo Cane,1,0.0,0.0
Monster High,14,0.0,0.0
Monsters,2,2121489.0,4242978.0
"Monsters, Inc.",3,435458621.0,1306375863.0
Mortal Kombat,2,86786390.0,173572781.0
Moskva-Kassiopeya,2,0.0,0.0
Mostly Ghostly,3,0.0,0.0
Mothra,4,0.0,0.0
Mountain Family Robinson,2,0.0,0.0
Mr. Bean,2,240474507.0,480949014.0
Mr. Bones,1,0.0,0.0
Mr. Boogedy,1,0.0,0.0
Mr. Moto,7,0.0,0.0
Mr. Vampire,2,0.0,0.0
Mr. Wong,3,0.0,0.0
Mrs. Miracle,1,0.0,0.0
Mulan,2,152160127.0,304320254.0
Munna Bhai,2,0.0,0.0
"Murder, She Baked",4,0.0,0.0
My Big Fat Greek Wedding,2,228833648.0,457667295.0
My Bloody Valentine,2,50367359.0,100734718.0
My Friends,2,0.0,0.0
My Girl,2,0.0,0.0
My Little Pony: Equestria Girls,3,0.0,0.0
My Mom is a Character,2,0.0,0.0
My Sassy Girl,1,0.0,0.0
My Sisters Kids,1,0.0,0.0
My Wife is a Gangster,2,0.0,0.0
Mystery Woman,1,0.0,0.0
Mythica,5,0.0,0.0
Mörderischer Norden,1,0.0,0.0
NASU,1,0.0,0.0
Nadodikkattu,1,0.0,0.0
Naked,3,0.0,0.0
Naked Fear,1,0.0,0.0
Naked Gun,3,72273062.0,216819186.0
Nana,1,0.0,0.0
Nanny McPhee,2,107868105.0,215736210.0
Napapiirin sankarit,2,0.0,0.0
Naruto,4,4330534.0,17322136.0
National Lampoon's Vacation,5,64573744.0,322868721.0
National Lampoon’s Van Wilder,3,14787330.0,44361991.0
National Treasure,2,402407531.0,804815062.0
Nativity,3,0.0,0.0
Naval Cadets,3,0.0,0.0
Navarone,2,18065000.0,36130000.0
Neighbors,2,188457960.0,376915921.0
Nekromantik,2,0.0,0.0
Nemesis,4,0.0,0.0
Nevada Smith,2,0.0,0.0
Never Back Down,3,13875810.0,41627431.0
New Kids,2,4393378.0,8786756.0
Nick Carter,2,0.0,0.0
Night at the Museum,3,445670431.0,1337011293.0
Night of the Demons,3,1036635.0,3109904.0
Niko - Coleccion,2,8500000.0,17000000.0
Nim's Island,2,50038171.0,100076342.0
Ninja,2,0.0,0.0
"Ninja, Band of Assassins",4,0.0,0.0
Ninjas vs.,1,0.0,0.0
Nitro,1,0.0,0.0
No Good Middle-Aged Yakuza Trilogy,1,0.0,0.0
"No Retreat, No Surrender",3,1590097.0,4770291.0
Nobody,2,0.0,0.0
Northpole,1,0.0,0.0
Not Quite Human,3,0.0,0.0
Now You See Me,2,226300116.0,452600231.0
Nuke 'Em High,4,0.0,0.0
Nymphomaniac,1,2227167.0,2227167.0
OSS 117,2,0.0,0.0
OSS 117 The Original Saga,1,0.0,0.0
Ocean's,3,374924685.0,1124774054.0
Ocho apellidos - Colección,2,0.0,0.0
"Oh, God!",3,13895748.0,41687243.0
Old Way,1,0.0,0.0
Olsen Banden (Samling),1,0.0,0.0
Olympia,2,0.0,0.0
Omae Umasou Da na,1,0.0,0.0
Omega Code Series,2,1200000.0,2400000.0
On Any Sunday,2,0.0,0.0
Once Upon a Time in China,4,15441674.0,61766696.0
Once were Warriors,1,2201126.0,2201126.0
One Missed Call,4,0.0,0.0
One Piece,3,39735691.0,119207073.0
Ong Bak,3,3759014.0,11277041.0
Onomichi Trilogy,2,0.0,0.0
Open Season,4,49327257.0,197309027.0
Open Water,2,27333977.0,54667954.0
Oskar Luts,3,0.0,0.0
Osobennosti Natsionalnoy ... -,5,0.0,0.0
Ostwind Filmreihe,1,0.0,0.0
Otto,3,0.0,0.0
Ouija,2,92648008.0,185296017.0
Our Man Flint,2,0.0,0.0
Outlaw Gangster VIP: The Complete,6,0.0,0.0
Outpost,3,0.0,0.0
Outrage,2,0.0,0.0
Overheard,3,0.0,0.0
PTU,1,0.0,0.0
Pacific Rim,1,407602906.0,407602906.0
"Pagnol, Childhood's Memories",2,0.0,0.0
Painted Skin,2,0.0,0.0
Panda! Go Panda! Collección,2,0.0,0.0
"Pane, amore e… - Collezione",3,0.0,0.0
Papa ou Maman,1,0.0,0.0
Paradise Lost,3,0.0,0.0
Paradise Trilogy,3,12492.0,37476.0
Paranormal Activity,6,147308094.0,883848567.0
Paranormal Investigations,4,0.0,0.0
Parasyte,2,0.0,0.0
Parent Trap,3,0.0,0.0
Patlabor,2,0.0,0.0
Pee-wee's,3,18687554.0,56062662.0
Pekko aikamiespoika,1,0.0,0.0
Penitenciaría - Colección,2,0.0,0.0
Per Fly trilogien (Samling),3,0.0,0.0
Percy Jackson,2,200537980.0,401075960.0
Pet Sematary,2,37280960.0,74561920.0
Peter Pan,2,98633666.0,197267333.0
Phantasm,5,3854264.0,19271320.0
Philo & Clyde,2,35343714.0,70687429.0
Philo Vance,2,0.0,0.0
Phobia,2,0.0,0.0
Pierino - Serie ufficiale,1,0.0,0.0
Pippi Longstocking,3,0.0,0.0
Piranha 3D,2,45840946.0,91681893.0
Piranha,2,0.0,0.0
Pirates of the Caribbean,5,904315365.0,4521576826.0
Pitbull - Kolekcja,3,0.0,0.0
Pitch Perfect,3,134285540.0,402856620.0
Planes,2,185477250.0,370954499.0
Planet of the Apes (Reboot),3,521137571.0,1563412714.0
Planet of the Apes Original,5,16657729.0,83288644.0
Pocahontas,2,173039886.0,346079773.0
Poison Ivy,4,0.0,0.0
Pokémon,22,31740945.0,698300796.0
Police Academy,7,43520462.0,304643237.0
Police Story,7,17649181.0,123544268.0
Poltergeist,3,59113555.0,177340665.0
Porky's,3,60002143.0,180006429.0
Power Rangers,2,41989870.0,83979739.0
Predator,3,93868226.0,281604679.0
Prep & Landing,1,0.0,0.0
Problem Child,3,0.0,0.0
Project A,2,0.0,0.0
Prom Night,5,6455198.0,32275991.0
Prometheus,2,317775192.0,635550385.0
Prostokvashino,3,0.0,0.0
Prudence et Bélisaire Beresford,2,0.0,0.0
Psy,2,0.0,0.0
Psycho,3,27068869.0,81206606.0
Public Enemy Series,1,0.0,0.0
Puella Magi Madoka Magica: The Movie,3,4315960.0,12947880.0
Puff,1,0.0,0.0
Pulse,2,14953842.0,29907685.0
Pumping Iron,2,0.0,0.0
Pumpkinhead,2,2192758.0,4385516.0
Puppet Master,10,0.0,0.0
Pusher,3,0.0,0.0
Puss 'n Boots,1,0.0,0.0
Qatsi,3,775475.0,2326424.0
Quando le donne avevano la coda,1,0.0,0.0
Quarantine,2,20427710.0,40855419.0
Quatermass (Hammer series),3,0.0,0.0
RED,2,35832481.0,71664962.0
Raaz,1,0.0,0.0
Race,2,0.0,0.0
Race Gurram collection,1,0.0,0.0
Rakht Charitra,1,0.0,0.0
Rambo,4,181968309.0,727873237.0
Rampage,3,0.0,0.0
Ranma,3,0.0,0.0
Rare Exports,1,0.0,0.0
Re-Animator,3,674471.0,2023414.0
Rebuild of Evangelion,3,33957942.0,101873825.0
Recep İvedik Serisi,4,38712874.0,154851495.0
Red Cliff,2,124436917.0,248873834.0
Red Lotus,1,0.0,0.0
Reeker,2,0.0,0.0
Regalo di Natale - Collezione,1,0.0,0.0
Resident Evil,6,205570288.0,1233421727.0
Resident Evil: Biohazard,3,0.0,0.0
Rest Stop,2,0.0,0.0
Return of the Living Dead,5,4699426.0,23497131.0
Revenge of the Nerds,4,5660508.0,22642033.0
Richard the Lionheart,1,0.0,0.0
Richie Rich,1,0.0,0.0
"Rico, Oskar 1, 2 & 3",1,0.0,0.0
Ride Along,2,139412568.0,278825135.0
Ring of Fire,1,0.0,0.0
Ringo,2,0.0,0.0
Ringu,4,6844268.0,27377073.0
Rio,2,492412098.0,984824195.0
Road House,1,30050028.0,30050028.0
Road Trip,2,59877139.0,119754278.0
Road to,7,0.0,0.0
Robert,2,0.0,0.0
Robert Langdon,3,448151719.0,1344455157.0
RoboCop,4,88016587.0,352066348.0
Robot Chicken: Star Wars,1,0.0,0.0
Robot Jox,3,0.0,0.0
Robotech (Samling),1,0.0,0.0
Rocky,7,191018013.0,1337126094.0
Rocky Horror,2,56446160.0,112892319.0
Romancing the Stone,2,91672719.0,183345438.0
Romantik Komedi [Seri],1,0.0,0.0
Rosemary's Baby,2,16697713.0,33395426.0
Rudolph the Red-Nosed Reindeer,4,0.0,0.0
Rugrats,3,33497262.0,100491786.0
Running Out Of Time,2,0.0,0.0
Rurouni Kenshin Live-Action,3,20566667.0,61700000.0
Rush Hour,3,283244966.0,849734899.0
S.W.A.T.,3,38881115.0,116643346.0
SPL,2,0.0,0.0
Sabrina the Teenage Witch,1,0.0,0.0
Sadako 3D,1,0.0,0.0
Saheb Biwi Aur Gangster,2,0.0,0.0
Sailor Moon,3,0.0,0.0
Saint Seiya,6,0.0,0.0
Saints and Soldiers,3,0.0,0.0
Salt and Pepper,1,0.0,0.0
Sami Swoi,1,0.0,0.0
Sammy's Adventure,2,0.0,0.0
Samurai,3,0.0,0.0
Samurai Trilogy,3,2446329.0,7338987.0
Santa Baby,2,0.0,0.0
Santa's Apprentice,1,0.0,0.0
Santas Paw,2,0.0,0.0
"Sarah, Plain and Tall",3,0.0,0.0
Sarkar,2,2950000.0,5900000.0
Sartana,5,0.0,0.0
Saturday Night Fever,2,151002927.0,302005854.0
Save The Last Dance,2,45519138.0,91038276.0
Saw,7,125472544.0,878307806.0
Sağ Salim Serisi,1,0.0,0.0
Scanners,4,7112938.0,28451752.0
Scary Movie,5,179311006.0,896555030.0
Schoolgirl Report,5,0.0,0.0
Schule,1,0.0,0.0
Scooby-Doo,4,114279384.0,457117536.0
Scream,4,151095732.0,604382926.0
Screamers,2,2890942.0,5781885.0
Screwballs,3,0.0,0.0
Scuola di ladri - Collezione,2,0.0,0.0
See No Evil,2,0.0,0.0
Seed,1,0.0,0.0
Seven Dwarfs,2,0.0,0.0
Seventh Company,2,0.0,0.0
Sex Up Filmreihe,1,0.0,0.0
Sex and Zen,2,198002.0,396003.0
Sex and the City,2,351800239.0,703600478.0
Sex is Zero,1,0.0,0.0
Shadow Boxing,2,9717366.0,19434733.0
Shadow Warriors,1,0.0,0.0
Shaft,4,32694029.0,130776116.0
Shanghai Noon,2,72627896.0,145255792.0
Shaolin Temple,3,6570754.0,19712261.0
Shark.Attack,3,0.0,0.0
Sharknado,4,0.0,0.0
Sharktopus,3,0.0,0.0
Sharpe,13,0.0,0.0
She,2,0.0,0.0
Sherlock Holmes (1939 series),12,0.0,0.0
Sherlock Holmes,2,429321840.0,858643679.0
Sherlock Holmes: The Golden Years,2,0.0,0.0
Shiloh,3,0.0,0.0
Shin Chan,1,0.0,0.0
Short Circuit,2,31163924.0,62327849.0
Short Peace,1,0.0,0.0
Showgirls,1,20350754.0,20350754.0
Shrek,5,591161402.0,2955807008.0
Sides of the Bed,1,0.0,0.0
"Signed, Sealed, Delivered",8,0.0,0.0
Silence of God Trilogy by Ingmar Bergman,3,0.0,0.0
Silent Hill,2,74955124.0,149910249.0
"Silent Night, Deadly Night",6,28148.0,168890.0
Simon Brenner,4,0.0,0.0
Sin City,2,99070718.0,198141436.0
Singam,1,9700000.0,9700000.0
Singham,2,12517000.0,25034000.0
Single White Female,2,24008701.0,48017402.0
Sinister,2,65297228.0,130594457.0
Sissi,3,0.0,0.0
Sister Act,2,144462090.0,288924179.0
Six Degrees of Celebration,5,4554404.0,22772019.0
Six Swedes,1,0.0,0.0
Skeleton Key,1,0.0,0.0
Ski School,2,0.0,0.0
Slap Shot,3,9333333.0,28000000.0
Slayers - Movie,5,0.0,0.0
Sleepaway Camp,5,0.0,0.0
Sleuth,2,171418.0,342835.0
Slime City,1,0.0,0.0
Smokey and the Bandit,3,66183001.0,198549004.0
Smokin' Aces,2,28551948.0,57103895.0
Snake Eater,1,0.0,0.0
Sniper,6,3165776.0,18994653.0
Snow,2,0.0,0.0
Snow Queen,3,4133333.0,12400000.0
Sometimes They Come Back,3,0.0,0.0
Son of Batman,3,0.0,0.0
Space Chimps,2,31900172.0,63800345.0
Space Dogs,2,3250000.0,6500000.0
Species,4,33134916.0,132539663.0
Speed,2,257478106.0,514956211.0
Spider-Man,3,832115506.0,2496346518.0
Spiders -,2,0.0,0.0
Spirits' Homecoming,1,0.0,0.0
Splash,2,34910667.0,69821334.0
SpongeBob,2,225877912.0,451755824.0
Spud,3,0.0,0.0
Spy Kids,4,137558458.0,550233830.0
St. Trinian's,4,0.0,0.0
Stake Land,2,16622.0,33245.0
Stakeout,2,0.0,0.0
Star Crash,2,0.0,0.0
Star Trek: Alternate Reality,3,398839169.0,1196517508.0
Star Trek: The Next Generation,4,113828206.0,455312826.0
Star Trek: The Original Series,6,103816667.0,622900000.0
Star Wars,8,929311849.0,7434494790.0
Star Wars: The Ewok Adventures,2,0.0,0.0
Star Wreck,1,0.0,0.0
Stargate SG-1,3,2966667.0,8900000.0
Starship Troopers,4,30303594.0,121214377.0
State Property,2,1899272.0,3798544.0
Steal This Film,2,0.0,0.0
Step Up,5,130187950.0,650939748.0
Stepford,2,0.0,0.0
Stir of Echoes,2,10566544.0,21133087.0
Stomp the Yard,1,75511123.0,75511123.0
Stray Cat Rock,2,0.0,0.0
Street Fighter,2,56093861.0,112187722.0
Street Fighter,4,0.0,0.0
Street Kings,2,32784934.0,65569869.0
StreetDance,3,6065826.0,18197477.0
Stuart Little,3,156697391.0,470092173.0
Subspecies,5,0.0,0.0
Sugata Sanshirō,2,0.0,0.0
Sunes samtliga Resor,2,0.0,0.0
Super Giant,3,0.0,0.0
Super Size Me,1,28575078.0,28575078.0
Super Troopers,1,18492362.0,18492362.0
Superman (DC Universe Animated),1,0.0,0.0
Superman / Batman (Animated),2,0.0,0.0
Superman,5,195381708.0,976908540.0
Surf's Up,1,149044513.0,149044513.0
Swamp Thing,2,96408.0,192816.0
Swan Princess Series,4,2511326.0,10045302.0
Swordsman,1,0.0,0.0
Sällskapsresorna,6,2276086.0,13656519.0
Síť (kolekce),2,55313982.0,110627965.0
TRON,2,216531382.0,433062763.0
Tada's Do-It-All,1,0.0,0.0
Tai Chi,2,0.0,0.0
Tainá,1,0.0,0.0
Takashi Miike's Black Society Trilogy,1,0.0,0.0
Takashi Miike's Young Thugs series,1,0.0,0.0
Taken,3,309581099.0,928743298.0
Tales From The Dark,1,0.0,0.0
Tales from the Crypt,5,1120000.0,5600000.0
Tales of the Four Seasons,4,0.0,0.0
Tangled,2,295897468.0,591794936.0
Tanu Weds Manu,2,126000.0,252000.0
Tarzan (Animation),3,149333333.0,448000000.0
Tarzan (Gordon Scott series),2,0.0,0.0
Tarzan (Johnny Weissmuller series),8,0.0,0.0
Tarzan (Lex Barker series),2,0.0,0.0
Tarzan (Mike Henry series),1,0.0,0.0
Taxi,4,31622906.0,126491626.0
Ted,2,383195452.0,766390903.0
Teen Beach,2,0.0,0.0
Teen Titans,2,0.0,0.0
Teen Wolf,2,0.0,0.0
Teenage Apocalypse Trilogy,3,9118.0,27354.0
Teenage Mutant Ninja Turtles (Original),3,107333333.0,322000000.0
Teenage Mutant Ninja Turtles (Remake),2,361411924.0,722823848.0
TekWar,4,0.0,0.0
Tekken,3,322333.0,967000.0
Ten Minutes Older... (Collection),2,0.0,0.0
Tenchi Muyô,3,0.0,0.0
Tengen Toppa Gurren Lagann,2,0.0,0.0
Tere Bin Laden,1,0.0,0.0
Tetsuo,3,0.0,0.0
Texas Chainsaw (Reboot),2,53535828.0,107071655.0
Texas Chainsaw Massacre,6,15346380.0,92078277.0
That's Entertainment,3,0.0,0.0
The 1997 Trilogy,1,0.0,0.0
The 36th Chamber of Shaolin,3,0.0,0.0
The ABCs of Death,3,9610.0,28831.0
The Adventures of Antoine Doinel,5,0.0,0.0
The Adventures of Erast Fandorin,3,0.0,0.0
The Adventures of Mickey Matson,1,0.0,0.0
The Amazing Colossal Man Duology,2,0.0,0.0
The Amazing Spider-Man,2,728966644.0,1457933289.0
The Amityville Horror,12,17778924.0,213347083.0
The Angel,2,0.0,0.0
The Angrez,1,300000.0,300000.0
The Apple Dumpling Gang,2,0.0,0.0
The Apu,3,240860.0,722579.0
The Are We,2,48959332.0,97918663.0
The Arrival,2,7024186.0,14048372.0
The Art of War,3,10066368.0,30199105.0
The August Underground,1,0.0,0.0
The Aum Shinrikyo,2,0.0,0.0
The Avengers,2,1462480802.0,2924961604.0
The BRD,3,0.0,0.0
The Bad New Bears,3,18142547.0,54427642.0
The Benji,4,0.0,0.0
The Best Man,2,53099488.0,106198975.0
The Bible,7,0.0,0.0
The Big Bottom Box,1,0.0,0.0
The Bill Douglas Trilogy,2,0.0,0.0
The Black Mask,1,0.0,0.0
The Black Stallion,2,23799822.0,47599643.0
The Blind Dead,3,0.0,0.0
The Blob,2,0.0,0.0
The Blue Lagoon collection,3,20553653.0,61660960.0
The Blues Brothers,2,64640637.0,129281274.0
The Boogeyman,3,22397620.0,67192859.0
The Boondock Saints,2,5329896.0,10659792.0
The Bourne,5,327483286.0,1637416431.0
The Bowery Boys,29,0.0,0.0
The Brady Bunch,2,0.0,0.0
The Brave Little Toaster,3,0.0,0.0
The Bremen Town Musicians (Collection),2,0.0,0.0
The Bride with White Hair,1,0.0,0.0
The Bridge,2,0.0,0.0
The Butterfly Effect,3,32020286.0,96060858.0
The Cabin Fever,3,10184465.0,30553394.0
The Carry On,25,0.0,0.0
The Cell,2,52077922.0,104155843.0
The Cheerleaders -,1,0.0,0.0
The Cheetah Girls,3,0.0,0.0
The Chronicles of Narnia,3,528048196.0,1584144587.0
The Chronicles of Riddick,4,66824422.0,267297687.0
The ChubbChubbs,1,0.0,0.0
The Collector,2,60421029.0,120842058.0
The Comedians Of Comedy,2,0.0,0.0
The Comics,3,0.0,0.0
The Complete Monterey Pop Festival,3,0.0,0.0
The Condemned,2,4321429.0,8642858.0
The Conjuring,2,319085074.0,638170149.0
The Cremaster Cycle,3,0.0,0.0
The Crimson Rivers,2,0.0,0.0
The Croods,1,585178928.0,585178928.0
The Crossing,2,0.0,0.0
The Crow,4,27979322.0,111917287.0
The Cutlass,1,0.0,0.0
The Cutting Edge,4,6276379.0,25105517.0
The Dark Knight,3,821238739.0,2463716216.0
The Dead,2,0.0,0.0
The Decline of Western Civilization,3,0.0,0.0
The Delta Force,3,8155754.0,24467261.0
The Dentist,2,0.0,0.0
The Descent,2,0.0,0.0
The Desert,1,0.0,0.0
The Devil's Carnival,1,0.0,0.0
The Dick Proenneke,4,0.0,0.0
The Dirty Dozen,4,11325000.0,45300000.0
The Disappearance Of Eleanor Rigby,3,328336.0,985007.0
The Discworld,5,0.0,0.0
The Doctor Series,4,0.0,0.0
The Dog Who Saved Christmas,1,0.0,0.0
The Dukes Of Hazzard,2,55401838.0,110803676.0
The Durango Kid,2,0.0,0.0
The Elusive Revengers,3,0.0,0.0
The Emigrants,2,0.0,0.0
The Emperor's New Groove,2,84663844.0,169327687.0
The Encounter,1,0.0,0.0
The Endless Summer,2,0.0,0.0
The Exorcist,5,117866324.0,589331619.0
The Expendables,3,264405454.0,793216361.0
The Exterminator,1,0.0,0.0
The Eye,5,11261953.0,56309766.0
The Falcon Series,2,0.0,0.0
The Falls,1,0.0,0.0
The Fast and the Furious,8,640637349.0,5125098793.0
The Female Prisoner Series,2,0.0,0.0
The Fjällbacka Murders,6,0.0,0.0
The Flicka,2,0.0,0.0
The Flintstones (Live-Action),2,200549742.0,401099483.0
The Fly (1958 series),3,1000000.0,3000000.0
The Fly,2,49766169.0,99532338.0
The Foreigner,2,0.0,0.0
The Four,1,0.0,0.0
The Fox and the Hound,2,14900000.0,29800000.0
The Frogtown,1,0.0,0.0
The Fugitive / U.S. Marshals,2,235621582.0,471243165.0
The Gamers,4,0.0,0.0
The Garden of Sinners,9,0.0,0.0
The Gate,2,0.0,0.0
The Gidget,2,0.0,0.0
The Gingerdead Man,3,0.0,0.0
The Godfather,3,143125105.0,429375314.0
The Gods Must Be Crazy,3,20000000.0,60000000.0
The Good Witch,3,0.0,0.0
The Gorky,2,0.0,0.0
The Gremlins,2,97282654.0,194565309.0
The Grudge,3,87076150.0,261228450.0
The Gruffalo,3,0.0,0.0
The Guyver,2,0.0,0.0
The Hamiltons,2,0.0,0.0
The Hangover,3,358575559.0,1075726677.0
The Hannibal Lecter Anthology,5,184884460.0,924422301.0
The Happy Hooker,2,0.0,0.0
The Haunting in Connecticut,2,38763866.0,77527732.0
The Heroic Trio,1,0.0,0.0
The Hills Have Eyes (Original),2,12500000.0,25000000.0
The Hills Have Eyes (Reboot),2,34811856.0,69623713.0
The Hire,9,0.0,0.0
The Hitcher (1986),2,2922434.0,5844868.0
The Hobbit,3,978507785.0,2935523356.0
The Hobgoblin,1,0.0,0.0
The Houses October Built,1,0.0,0.0
The Howling,7,2569413.0,17985893.0
The Human Centipede,3,0.0,0.0
The Human Condition,3,0.0,0.0
The Hunchback of Notre Dame,2,50069426.0,100138851.0
The Hunger Games,4,736040658.0,2944162634.0
The Hunters,2,0.0,0.0
The Huntsman,2,280601082.0,561202163.0
The Hustler,2,29946991.0,59893982.0
The Inbetweeners,2,44012890.0,88025781.0
The Incredible Hulk (TV Movie),3,0.0,0.0
The Incredibles,1,631442092.0,631442092.0
The Invisible Man (Universal Series),5,208000.0,1040000.0
The Jack Ryan,5,167337682.0,836688411.0
The Jake Gittes,2,20000000.0,40000000.0
The Jaws,4,199601519.0,798406075.0
The Joys of Torture Series,1,0.0,0.0
The Jungle Book,2,170761806.0,341523612.0
The Karate Kid,4,65175702.0,260702809.0
The Kingdom,2,0.0,0.0
The Klapisch Trilogy,3,9208367.0,27625100.0
The Krays,1,0.0,0.0
The Land Before Time,14,6032918.0,84460846.0
The Last Exorcism,2,41458696.0,82917392.0
The Last Picture Show,2,14566500.0,29133000.0
The Lawnmower Man,2,17255112.0,34510225.0
The Legend,2,3462290.0,6924581.0
The Lego Movie,2,390555538.0,781111076.0
The Librarian,3,0.0,0.0
The Lion King,4,197060444.0,788241776.0
The Little Mermaid,3,74100000.0,222300000.0
The Little Polar Bear,2,0.0,0.0
The Lone Ranger (Clayton Moore),2,0.0,0.0
The Lord of the Rings Animated,3,10157140.0,30471420.0
The Lord of the Rings,3,972181581.0,2916544743.0
The Lost Skeleton,2,0.0,0.0
The Love Comes Softly,10,0.0,0.0
The Magick Lantern Cycle,9,0.0,0.0
The Magnificent Seven,4,1226250.0,4905000.0
The Man From Snowy River,2,10329712.0,20659423.0
The Man With No Name,3,11833333.0,35500000.0
The Man from Earth,1,0.0,0.0
The Man from U.N.C.L.E.,3,0.0,0.0
The Man with the Iron Fists,2,7804272.0,15608545.0
The Mangler,1,0.0,0.0
The Marine,5,4433122.0,22165608.0
The Mark,1,0.0,0.0
The Mask,2,175791704.0,351583407.0
The Matrix,3,542368432.0,1627105295.0
The Matt Helm,3,6239375.0,18718124.0
The Maze Runner,2,329788394.0,659576787.0
The Mesrine,2,15527720.0,31055440.0
The Messengers,2,554830.0,1109660.0
The Mighty Ducks,3,39772615.0,119317844.0
The Millennium,3,71613014.0,214839043.0
The Modesty Blaise,1,0.0,0.0
The Moment After,2,0.0,0.0
The Monkey King,1,0.0,0.0
The Mummy (Hammer Series),4,0.0,0.0
The Mummy (Universal Series),5,0.0,0.0
The Mummy,3,416675800.0,1250027401.0
The Muppet,7,57160629.0,400124401.0
The Musketeers,3,0.0,0.0
The Nancy Drew (Bonita Granville),4,0.0,0.0
The Neverending Story,3,12147492.0,36442475.0
The Nigger Charley,1,0.0,0.0
The Nut Job,1,0.0,0.0
The Nutty Professor,2,126038645.0,252077290.0
The Odd Couple,2,22263617.0,44527234.0
The Olsen Gang,4,0.0,0.0
The Omen,4,26978179.0,107912717.0
The One-Armed Swordsman,3,0.0,0.0
The Orphic Trilogy,3,0.0,0.0
The Ouija Experiment,3,0.0,0.0
The Pact,2,0.0,0.0
The Paleface,2,0.0,0.0
The Party,2,0.0,0.0
The Philadelphia Experiment - Collezione,3,990.0,2970.0
The Pink Panther (Original),9,18275361.0,164478248.0
The Pink Panther (Steve Martin),2,37935516.0,75871032.0
The Poseidon Adventure,2,42281559.0,84563118.0
The Postman,1,17626234.0,17626234.0
The President's Man,2,0.0,0.0
The Prince & Me,3,0.0,0.0
The Princess Diaries,2,130242294.0,260484588.0
The Prophecy,4,4.0,16.0
The Prostitute Trilogy,1,0.0,0.0
The Protector,2,15234022.0,30468044.0
The Pub Landlord,1,0.0,0.0
The Purge,3,105566451.0,316699354.0
The Raid,2,3366198.0,6732396.0
The Reef,1,0.0,0.0
The Rescuers,2,59323665.0,118647330.0
The Riffs Trilogy,2,0.0,0.0
The Ring,3,164627120.0,493881361.0
The Rutles,2,0.0,0.0
The Sabata,3,0.0,0.0
The Saint,2,59031652.0,118063304.0
The Sally Lochhart Mysteries,1,0.0,0.0
The Sandlot,3,10805529.0,32416586.0
The Santa Clause,3,149062848.0,447188544.0
The Scorpion King,4,41333295.0,165333180.0
The Secret Garden,2,0.0,0.0
The Secret Life of Pets,1,875457937.0,875457937.0
The Secret Of NIMH,2,7332866.0,14665733.0
The Sentimental Swordsman,2,0.0,0.0
The Shadow,2,24031718.0,48063435.0
The Shaggy Dog,2,0.0,0.0
The Sheriff and the Satellite Kid,2,0.0,0.0
The Sinbad,4,6750000.0,27000000.0
The Sister Street Fighter,1,0.0,0.0
The Sisterhood of the Traveling Pants,2,41702739.0,83405478.0
The Six Million Dollar Man,1,0.0,0.0
The Skulls,3,11669060.0,35007180.0
The Slumber Party Massacre,3,0.0,0.0
The Smurfs (Theatrical),3,369455682.0,1108367047.0
The Snowman,1,0.0,0.0
The Sorority House Massacre,2,0.0,0.0
The South Shaolin Master,1,0.0,0.0
The Space Odyssey Series,2,54550328.0,109100657.0
The Spiders Serial,2,0.0,0.0
The Spiritual Boxer,1,0.0,0.0
The Stepfather,2,759898.0,1519796.0
The Sting,2,82981700.0,165963399.0
The Storm Riders,1,0.0,0.0
The Streetfighter,2,0.0,0.0
The Substitute,3,0.0,0.0
The Sweeney,1,0.0,0.0
The Tall Blond Man,2,0.0,0.0
The Terminator,5,369065548.0,1845327738.0
The Thin Man,6,237167.0,1423000.0
The Thing,2,23879215.0,47758430.0
The Three Brothers,2,0.0,0.0
The Three Mothers,3,18316.0,54947.0
The Toxic Avenger,4,0.0,0.0
The Transporter,4,77676448.0,310705790.0
The Trip,3,317060.0,951179.0
The Twilight,5,668421458.0,3342107290.0
The Twins Effect,2,0.0,0.0
The Ultimate,2,0.0,0.0
The Under-Gifted,1,0.0,0.0
The Underdog Knight,2,0.0,0.0
The Up Series,8,29759.0,238073.0
The Vampire Chronicles,2,134571859.0,269143718.0
The Vengeance,3,13579417.0,40738250.0
The Visitors,4,0.0,0.0
The War of Flower,2,0.0,0.0
The Water of the Hills,1,0.0,0.0
The Water of the Hills,2,0.0,0.0
The Waxwork,1,808114.0,808114.0
The Whistler collection,4,0.0,0.0
The Whole Nine/Ten Yards,2,66263716.0,132527432.0
The Wild Geese,2,0.0,0.0
The Wixxer Trilogy,1,0.0,0.0
The Wog Boy,2,0.0,0.0
The Wolf Man (Universal Series),4,0.0,0.0
The Wolverine,3,468435115.0,1405305345.0
The Woman in Black,2,77116030.0,154232059.0
The Work and the Glory,3,2232590.0,6697771.0
The Worricker,3,0.0,0.0
The X-Files,2,128783874.0,257567747.0
The Yakuza Papers,5,0.0,0.0
The Yes Men,3,0.0,0.0
Thermae Romae,1,0.0,0.0
They Call Me Bruce,1,16894678.0,16894678.0
Think Like a Man,2,83125968.0,166251935.0
This is England,1,8176544.0,8176544.0
Thor,3,364632673.0,1093898020.0
Thou Shalt Laugh,3,0.0,0.0
Three Colors,3,0.0,0.0
Three Heroes,5,4841802.0,24209008.0
Three Steps Above Heaven,2,0.0,0.0
Thumbs!,2,0.0,0.0
Thunder in Paradise,1,0.0,0.0
Thunderbirds (Animation),2,0.0,0.0
Till Luck Do Us Part,1,1672940.0,1672940.0
Timecop,2,50823290.0,101646581.0
Tinker Bell,6,3383333.0,20300000.0
Tiny Times,3,42.0,126.0
"To Sir, with Love",2,0.0,0.0
Tognazzi & Vianello,2,0.0,0.0
Tokyo Decadence series,1,0.0,0.0
Tom Thorne,2,0.0,0.0
Tom and Jerry,10,0.0,0.0
Tomb Raider,2,215604364.0,431208728.0
Tomie,1,0.0,0.0
Tomtar och Trolltyg,1,0.0,0.0
Tooth Fairy,2,56231254.0,112462508.0
Topper,3,0.0,0.0
Torchy Blane,2,0.0,0.0
Torrente,5,2334473.0,11672363.0
Totò,27,0.0,0.0
Toy Story,3,645963535.0,1937890605.0
Trailer Park Boys,6,638918.0,3833507.0
Trainspotting,2,28951894.0,57903789.0
Trancers,4,0.0,0.0
Transformers,5,873220249.0,4366101244.0
Trapped in the Closet,2,0.0,0.0
Tremors,5,9714400.0,48572000.0
Trilogia Zé do Caixão,3,0.0,0.0
Trilogie,3,0.0,0.0
Trilogy Marseillaise,2,0.0,0.0
Trilogy of Life,3,0.0,0.0
Trilogy of Terror,2,0.0,0.0
Trilogía Sollima,2,0.0,0.0
Trilogía de la violencia de Michael Haneke,3,0.0,0.0
Trinità ,1,0.0,0.0
Troll,3,1816938.0,5450815.0
Truth in 24,1,0.0,0.0
Trylogia Sienkiewicza,2,0.0,0.0
Tulse Luper,1,25800.0,25800.0
Turbulence,2,5733044.0,11466088.0
Turkish Star Wars,1,0.0,0.0
Twitches,2,0.0,0.0
Täällä Pohjantähden alla (Timo Koivusalo),2,0.0,0.0
U Pana Boga,1,0.0,0.0
USA: Land of Opportunities,2,8677877.0,17355754.0
Ukraine Trilogy,3,0.0,0.0
Ultimate Avengers,2,7300000.0,14600000.0
Umizaru,1,0.0,0.0
Un éléphant ça trompe énormément,2,0.0,0.0
Under Siege,2,130443611.0,260887222.0
Underworld,5,107921749.0,539608743.0
Undisputed,4,3099657.0,12398628.0
Universal Soldier,6,2157598.0,12945586.0
Unna Trilogie,2,0.0,0.0
Unoffical Ghosthouse Series,3,0.0,0.0
Unstable Fables,2,0.0,0.0
Ur kärlekens språk,1,0.0,0.0
Urban Legend,3,37033986.0,111101957.0
Uuno Turhapuro,15,0.0,0.0
V/H/S,3,41645.0,124934.0
V: The,2,0.0,0.0
Vabank (Collection),3,0.0,0.0
Vacancy,2,17650322.0,35300645.0
Vai Que Dá Certo,1,0.0,0.0
Valami Amerika gyűjtemény,1,0.0,0.0
Vampire Boys,1,0.0,0.0
Vampire Hunter D,2,0.0,0.0
Vampire Karnstein (Hammer series),3,0.0,0.0
Vampires,2,0.0,0.0
Vampires Suck,2,40273933.0,80547866.0
Van Helsing,2,150128738.0,300257475.0
Vares,8,0.0,0.0
Varg Veum,3,0.0,0.0
Vi hade i alla fall tur med vädret,1,0.0,0.0
Vixens,4,1500000.0,6000000.0
Viy,1,34592118.0,34592118.0
Vääpeli Körmy -,5,0.0,0.0
Waiting,2,9318845.0,18637690.0
Waldemar Daninsky,1,0.0,0.0
Walking Tall,3,19074630.0,57223890.0
Walking Tall Original,2,0.0,0.0
Wall Street,2,89298045.0,178596090.0
Wallace & Gromit,6,32075472.0,192452832.0
Wallander (Rolf Lassgård),2,0.0,0.0
Wanted -,1,258270008.0,258270008.0
War Trilogy,3,0.0,0.0
War of the Worlds,2,0.0,0.0
WarGames,2,39783834.0,79567667.0
Warlock,3,0.0,0.0
Warriors of Virtue,1,0.0,0.0
Warriors of the Rainbow: The Seediq Bale Saga,1,0.0,0.0
Wayne's World,2,84831162.0,169662323.0
We Are From The Future,2,4455410.0,8910819.0
We Were Here,2,0.0,0.0
We're the Millers,1,269994119.0,269994119.0
Weekend at Bernie's,2,15109194.0,30218387.0
Welcome,1,36500000.0,36500000.0
Werner,4,0.0,0.0
Westworld,2,0.0,0.0
What the Bleep!,2,5069456.0,10138913.0
When a Stranger Calls,3,22322329.0,66966987.0
Whispering Corridors,3,0.0,0.0
Whistling,3,0.0,0.0
White Collar Hooligan,1,0.0,0.0
White Crane Chronicles,1,0.0,0.0
White Fang,2,17396580.0,34793160.0
White Noise,2,45598210.0,91196419.0
Why Did I Get Married,2,57628658.0,115257317.0
Why We Fight,8,0.0,0.0
Wild Orchid,1,0.0,0.0
Wild Things,3,22400000.0,67200000.0
Willard,3,0.0,0.0
Winnetou,2,0.0,0.0
Winnie-the-Pooh (Russian),3,0.0,0.0
Wishmaster,4,3929777.0,15719109.0
Witch Mountain,3,12131000.0,36393000.0
Witchboard,3,56060.0,168180.0
Witchcraft,2,0.0,0.0
Without a Paddle,2,34815559.0,69631118.0
Wizards of Waverly Place,2,0.0,0.0
Wodehouse P.G.,1,0.0,0.0
Wolf Creek,2,18696546.0,37393092.0
Wolf Warriors,1,80000000.0,80000000.0
Wonder Woman,1,820580447.0,820580447.0
Wong Kar-Wai's Informal,3,10756043.0,32268129.0
World War Z,1,531865000.0,531865000.0
World of Watches,2,35431358.0,70862717.0
Would I Lie to You?,3,37693661.0,113080982.0
Wreck-It Ralph,1,471222889.0,471222889.0
Wrong Turn,6,4775096.0,28650575.0
X-Men,6,468138720.0,2808832317.0
Xtro,3,0.0,0.0
Yamakasi -,1,0.0,0.0
Yamla Pagla Deewana,1,0.0,0.0
Yossi,2,58104.0,116207.0
You Got Served,1,0.0,0.0
Young And Dangerous,1,0.0,0.0
Young Guns,2,22363322.0,44726644.0
Zanna Bianca,1,0.0,0.0
Zapped,2,0.0,0.0
Zatôichi: The Blind Swordsman,26,0.0,0.0
Zebraman,1,0.0,0.0
Zeitgeist,3,0.0,0.0
Zenon,3,0.0,0.0
Zero Woman,1,0.0,0.0
Zipi y Zape - Colección,1,0.0,0.0
Zombi,1,0.0,0.0
Zoolander,2,58374990.0,116749981.0
Zorro,3,130896196.0,392688588.0
Zu Warriors,1,0.0,0.0
[REC],4,14816420.0,59265680.0
xXx,3,231556657.0,694669972.0
Åsa-Nisse,1,0.0,0.0
Çalgı Çengi,1,0.0,0.0
Şevkat Yerimdar Serisi,1,0.0,0.0
Алиса в стране чудес (Коллекция),1,0.0,0.0
Горько! (Коллекция),1,0.0,0.0
ДухLess (Коллекция),2,6609490.0,13218980.0
Зимняя Вишня (трилогия),1,0.0,0.0
Ирония судьбы (Коллекция),2,27817518.0,55635037.0
Никто не знает про секс - Коллекция,1,0.0,0.0
Облако-рай (Коллекция),2,0.0,0.0
Параграф 78 - Дилогия,1,0.0,0.0
Самый лучший фильм - Коллекция,3,3272111.0,9816332.0
Сказки Чуковского,1,0.0,0.0
Чебурашка и крокодил Гена,1,0.0,0.0
Что Творят мужчины! (Коллекция),2,0.0,0.0
男はつらいよ シリーズ,3,0.0,0.0
식객 시리즈,2,0.0,0.0
